INVSTG_AGY_CD,INVSTG_AGY_LONG_DESC,INVSTG_AGY_SHORT_DESC,INVSTG_AGY_TERMNT_DT,LAST_UD_DT,LAST_UD_USER_ID
0,Not Investigated by Police,NONE,,2005-01-07T11:31:36.890,isco017
1,State Police - Report received.,STATE,,2002-03-20T00:00:00,CONVERT
2,County Police - Report received,COUNTY,,2002-03-20T00:00:00,CONVERT
3,City Police - Report received,CITY,,2002-03-20T00:00:00,CONVERT
4,Unknown - Report received,UNK,,2002-03-20T00:00:00,CONVERT
5,On Scene - No report received,NO RPT,,2002-03-20T00:00:00,CONVERT
6,Tribal Police,TRIBAL,,2002-03-20T00:00:00,CONVERT
7,Other police (incl safety and security officers),OTHER,,2002-03-20T00:00:00,CONVERT
