SFTY_EQUIP_USE_CD,SFTY_EQUIP_USE_LONG_DESC,SFTY_EQUIP_USE_MED_DESC,SFTY_EQUIP_USE_SHORT_DESC,SFTY_EQUIP_USE_TERMNT_DT,LAST_UD_DT,LAST_UD_USER_ID
0,No safety equipment used,NONE,NONE,,2002-03-20T00:00:00,CONVERT
1,Seat belt or harness used improperly,IMPR BELT,I-BELT,,2002-03-20T00:00:00,CONVERT
2,"Seat belt or harness, fastened",BELT,BELT,,2002-03-20T00:00:00,CONVERT
3,Child restraint used improperly,IMPR CHILD,I-CHLD,,2002-03-20T00:00:00,CONVERT
4,Child restraint used properly,CHILD REST,CHILD,,2002-03-20T00:00:00,CONVERT
5,Helmet used improperly,IMP HELMET,I-HLM,,2002-03-20T00:00:00,CONVERT
6,Helmet used properly,HELMET,HELM,,2002-03-20T00:00:00,CONVERT
8,"Equipment used, type unknown",TYPE UNK,TYPE?,,2002-03-20T00:00:00,CONVERT
9,Unknown if used,UNKNOWN,UNK,,2002-03-20T00:00:00,CONVERT
